<?xml version="1.0" encoding="UTF-8" ?>
<beans xmlns="http://www.springframework.org/schema/beans"
	xmlns:xsi="http://www.w3.org/2001/XMLSchema-instance" xmlns:tx="http://www.springframework.org/schema/tx"
	xmlns:context="http://www.springframework.org/schema/context" xmlns:p="http://www.springframework.org/schema/p"

	xsi:schemaLocation="
    http://www.springframework.org/schema/beans http://www.springframework.org/schema/beans/spring-beans-3.0.xsd
    http://www.springframework.org/schema/context http://www.springframework.org/schema/context/spring-context-3.0.xsd
    http://www.springframework.org/schema/tx http://www.springframework.org/schema/tx/spring-tx-3.0.xsd">
	<context:component-scan base-package="com.cms.dao" />


	<bean id="dataSource"
		class="org.springframework.jdbc.datasource.DriverManagerDataSource">
		<property name="driverClassName">
			<value>com.mysql.jdbc.Driver</value>
		</property>
		<property name="url">
			<value>jdbc:mysql://localhost/spring_cms?useUnicode=true&amp;characterEncoding=utf-8&amp;autoReconnect=true&amp;autoReconnectForPools=true
			</value>
		</property>
		<property name="username">
			<value>laxman</value>
		</property>
		<property name="password">
			<value>laxman</value>
		</property>
	</bean>



	<bean id="sessionFactory"
		class="org.springframework.orm.hibernate3.annotation.AnnotationSessionFactoryBean">
		<property name="dataSource" ref="dataSource" />
		<property name="packagesToScan">
			<list>

				<value>com.cms.modal</value>
			</list>
		</property>
		<property name="hibernateProperties">
			<value>

				hibernate.dialect=org.hibernate.dialect.MySQLDialect
				hibernate.show_sql=true
				hibernate.format_sql=true
				hibernate.hbm2ddl.auto=update
				hibernate.current_session_context_class=thread
			</value>
		</property>


	</bean>
	<bean id="hibernateTemplate" class="org.springframework.orm.hibernate3.HibernateTemplate"
		p:sessionFactory-ref="sessionFactory" />
</beans>